{
  "steps": [
    {
      "step": 0,
      "strain": [0.00000000000000000e+00, 0.00000000000000000e+00, 0.00000000000000000e+00, 0.00000000000000000e+00, 0.00000000000000000e+00, 0.00000000000000000e+00, 0.00000000000000000e+00, 0.00000000000000000e+00, 0.00000000000000000e+00],
      "stress": [0.00000000000000000e+00, 0.00000000000000000e+00, 0.00000000000000000e+00, 0.00000000000000000e+00, 0.00000000000000000e+00, 0.00000000000000000e+00, 0.00000000000000000e+00, 0.00000000000000000e+00, 0.00000000000000000e+00],
      "von_mises": 0.00000000000000000e+00,
      "eqp": 0.00000000000000000e+00,
      "damage": 0.00000000000000000e+00
    },
    {
      "step": 1,
      "strain": [4.99999999999944933e-04, 0.00000000000000000e+00, 0.00000000000000000e+00, 0.00000000000000000e+00, -1.49999999999983480e-04, 0.00000000000000000e+00, 0.00000000000000000e+00, 0.00000000000000000e+00, -1.49999999999983480e-04],
      "stress": [1.00049987506235078e+08, 0.00000000000000000e+00, 0.00000000000000000e+00, 0.00000000000000000e+00, 0.00000000000000000e+00, 0.00000000000000000e+00, 0.00000000000000000e+00, 0.00000000000000000e+00, 0.00000000000000000e+00],
      "von_mises": 9.99999999999889731e+07,
      "eqp": 0.00000000000000000e+00,
      "damage": 0.00000000000000000e+00
    },
    {
      "step": 2,
      "strain": [1.00000000000000089e-03, 0.00000000000000000e+00, 0.00000000000000000e+00, 0.00000000000000000e+00, -3.00000000000022471e-04, 0.00000000000000000e+00, 0.00000000000000000e+00, 0.00000000000000000e+00, -3.00000000000022471e-04],
      "stress": [2.00199900099870235e+08, 0.00000000000000000e+00, 0.00000000000000000e+00, 0.00000000000000000e+00, -8.53580347012373178e-06, 0.00000000000000000e+00, 0.00000000000000000e+00, 0.00000000000000000e+00, -8.53580347012373178e-06],
      "von_mises": 2.00000000000003606e+08,
      "eqp": 0.00000000000000000e+00,
      "damage": 0.00000000000000000e+00
    },
    {
      "step": 3,
      "strain": [1.49999999999983480e-03, 0.00000000000000000e+00, 0.00000000000000000e+00, 0.00000000000000000e+00, -4.50000000000061462e-04, 0.00000000000000000e+00, 0.00000000000000000e+00, 0.00000000000000000e+00, -4.50000000000061462e-04],
      "stress": [2.67494629933625460e+08, 0.00000000000000000e+00, 0.00000000000000000e+00, 0.00000000000000000e+00, 1.64454502822341118e+07, 0.00000000000000000e+00, 0.00000000000000000e+00, 0.00000000000000000e+00, 1.64454502822341118e+07],
      "von_mises": 2.50641432798107743e+08,
      "eqp": 2.13887124541463873e-04,
      "damage": 3.68901997595874054e-02
    },
    {
      "step": 4,
      "strain": [1.99999999999989075e-03, 0.00000000000000000e+00, 0.00000000000000000e+00, 0.00000000000000000e+00, -5.99999999999989431e-04, 0.00000000000000000e+00, 0.00000000000000000e+00, 0.00000000000000000e+00, -5.99999999999989431e-04],
      "stress": [2.90717350119421542e+08, 0.00000000000000000e+00, 0.00000000000000000e+00, 0.00000000000000000e+00, 4.75245926389007941e+07, 0.00000000000000000e+00, 0.00000000000000000e+00, 0.00000000000000000e+00, 4.75245926389007941e+07],
      "von_mises": 2.42584520845759273e+08,
      "eqp": 6.26081068835353119e-04,
      "damage": 1.26970289780770407e-01
    },
    {
      "step": 5,
      "strain": [2.49999999999994671e-03, 0.00000000000000000e+00, 0.00000000000000000e+00, 0.00000000000000000e+00, -7.49999999999972911e-04, 0.00000000000000000e+00, 0.00000000000000000e+00, 0.00000000000000000e+00, -7.49999999999972911e-04],
      "stress": [2.93484311343028247e+08, 0.00000000000000000e+00, 0.00000000000000000e+00, 0.00000000000000000e+00, 7.18268264723191410e+07, 0.00000000000000000e+00, 0.00000000000000000e+00, 0.00000000000000000e+00, 7.18268264723191410e+07],
      "von_mises": 2.20872583293877304e+08,
      "eqp": 1.00015983853361909e-03,
      "damage": 2.35621933995091237e-01
    },
    {
      "step": 6,
      "strain": [3.00000000000000266e-03, 0.00000000000000000e+00, 0.00000000000000000e+00, 0.00000000000000000e+00, -8.99999999999956390e-04, 0.00000000000000000e+00, 0.00000000000000000e+00, 0.00000000000000000e+00, -8.99999999999956390e-04],
      "stress": [2.83143517955146372e+08, 0.00000000000000000e+00, 0.00000000000000000e+00, 0.00000000000000000e+00, 8.80850906225631088e+07, 0.00000000000000000e+00, 0.00000000000000000e+00, 0.00000000000000000e+00, 8.80850906225631088e+07],
      "von_mises": 1.94133416438089132e+08,
      "eqp": 1.32814375884353505e-03,
      "damage": 3.71088342663659310e-01
    },
    {
      "step": 7,
      "strain": [3.49999999999983658e-03, 0.00000000000000000e+00, 0.00000000000000000e+00, 0.00000000000000000e+00, -1.04999999999993987e-03, 0.00000000000000000e+00, 0.00000000000000000e+00, 0.00000000000000000e+00, -1.04999999999993987e-03],
      "stress": [2.54455878145081848e+08, 0.00000000000000000e+00, 0.00000000000000000e+00, 0.00000000000000000e+00, 9.32360621980109513e+07, 0.00000000000000000e+00, 0.00000000000000000e+00, 0.00000000000000000e+00, 9.32360621980109513e+07],
      "von_mises": 1.60235816567071617e+08,
      "eqp": 1.59847267640556099e-03,
      "damage": 5.56286060079598021e-01
    },
    {
      "step": 8,
      "strain": [3.99999999999989253e-03, 0.00000000000000000e+00, 0.00000000000000000e+00, 0.00000000000000000e+00, -1.20000000000003437e-03, 0.00000000000000000e+00, 0.00000000000000000e+00, 0.00000000000000000e+00, -1.20000000000003437e-03],
      "stress": [1.94633412148578852e+08, 0.00000000000000000e+00, 0.00000000000000000e+00, 0.00000000000000000e+00, 8.04590915298721343e+07, 0.00000000000000000e+00, 0.00000000000000000e+00, 0.00000000000000000e+00, 8.04590915298721343e+07],
      "von_mises": 1.13303702197301060e+08,
      "eqp": 1.78965211500966247e-03,
      "damage": 9.98999999999999999e-01
    },
    {
      "step": 9,
      "strain": [4.49999999999983746e-03, 0.00000000000000000e+00, 0.00000000000000000e+00, 0.00000000000000000e+00, -1.35000000000001785e-03, 0.00000000000000000e+00, 0.00000000000000000e+00, 0.00000000000000000e+00, -1.35000000000001785e-03],
      "stress": [5.39312672090302105e+05, 0.00000000000000000e+00, 0.00000000000000000e+00, 0.00000000000000000e+00, 1.81303730813494971e+05, 0.00000000000000000e+00, 0.00000000000000000e+00, 0.00000000000000000e+00, 1.81303730813494971e+05],
      "von_mises": 3.55353037178912840e+05,
      "eqp": 1.78965211500966247e-03,
      "damage": 9.98999999999999999e-01
    },
    {
      "step": 10,
      "strain": [4.99999999999989342e-03, 0.00000000000000000e+00, 0.00000000000000000e+00, 0.00000000000000000e+00, -1.50000000000000133e-03, 0.00000000000000000e+00, 0.00000000000000000e+00, 0.00000000000000000e+00, -1.50000000000000133e-03],
      "stress": [6.40078613193863188e+05, 0.00000000000000000e+00, 0.00000000000000000e+00, 0.00000000000000000e+00, 1.81276459576047957e+05, 0.00000000000000000e+00, 0.00000000000000000e+00, 0.00000000000000000e+00, 1.81276459576047957e+05],
      "von_mises": 4.55353037178919069e+05,
      "eqp": 1.78965211500966247e-03,
      "damage": 9.98999999999999999e-01
    },
    {
      "step": 11,
      "strain": [5.49999999999994937e-03, 0.00000000000000000e+00, 0.00000000000000000e+00, 0.00000000000000000e+00, -1.64999999999998481e-03, 0.00000000000000000e+00, 0.00000000000000000e+00, 0.00000000000000000e+00, -1.64999999999998481e-03],
      "stress": [7.40943901161956019e+05, 0.00000000000000000e+00, 0.00000000000000000e+00, 0.00000000000000000e+00, 1.81249184235297551e+05, 0.00000000000000000e+00, 0.00000000000000000e+00, 0.00000000000000000e+00, 1.81249184235297551e+05],
      "von_mises": 5.55353037178925239e+05,
      "eqp": 1.78965211500966247e-03,
      "damage": 9.98999999999999999e-01
    },
    {
      "step": 12,
      "strain": [6.00000000000011635e-03, 0.00000000000000000e+00, 0.00000000000000000e+00, 0.00000000000000000e+00, -1.79999999999996829e-03, 0.00000000000000000e+00, 0.00000000000000000e+00, 0.00000000000000000e+00, -1.79999999999996829e-03],