{"parameters": {"model": "J2VoceLemaitre", "spec_file": "d:\\C++pro\\GRPD\\tools\\matlab-mcp-server\\specs\\J2VoceLemaitre.yaml", "Density": 7800.0, "YoungsModulus": 200000000000.0, "PoissonsRatio": 0.3, "YieldStress": 250000000.0, "LinearHardening": 2000000000.0, "VoceR": 100000000.0, "VoceB": 10.0, "LemaitreS": 1000000.0, "Lemaitre_s": 1.0, "DamageThreshold": 0.0, "CriticalDamage": 0.99, "DamageAccelThreshold": 1.0, "DamageAccelFactor": 1.0, "LargeDeformation": true}, "F_path": [[1.0, 0.0, 0.0, 0.0, 1.0, 0.0, 0.0, 0.0, 1.0], [1.000499875062461, 0.0, 0.0, 0.0, 0.9998499887483122, 0.0, 0.0, 0.0, 0.9998499887483122], [1.000999500499376, 0.0, 0.0, 0.0, 0.9996999549864949, 0.0, 0.0, 0.0, 0.9996999549864949], [1.0014988766843425, 0.0, 0.0, 0.0, 0.9995498987044118, 0.0, 0.0, 0.0, 0.9995498987044118], [1.0019980039900278, 0.0, 0.0, 0.0, 0.999399819891919, 0.0, 0.0, 0.0, 0.999399819891919], [1.002496882788171, 0.0, 0.0, 0.0, 0.9992497185388646, 0.0, 0.0, 0.0, 0.9992497185388646], [1.0029955134495867, 0.0, 0.0, 0.0, 0.9990995946350895, 0.0, 0.0, 0.0, 0.9990995946350895], [1.003493896344168, 0.0, 0.0, 0.0, 0.9989494481704267, 0.0, 0.0, 0.0, 0.9989494481704267], [1.0039920318408906, 0.0, 0.0, 0.0, 0.9987992791347018, 0.0, 0.0, 0.0, 0.9987992791347018], [1.0044899203078146, 0.0, 0.0, 0.0, 0.9986490875177326, 0.0, 0.0, 0.0, 0.9986490875177326], [1.004987562112089, 0.0, 0.0, 0.0, 0.9984988733093293, 0.0, 0.0, 0.0, 0.9984988733093293], [1.0054849576199536, 0.0, 0.0, 0.0, 0.9983486364992943, 0.0, 0.0, 0.0, 0.9983486364992943], [1.0059821071967434, 0.0, 0.0, 0.0, 0.9981983770774224, 0.0, 0.0, 0.0, 0.9981983770774224], [1.0064790112068904, 0.0, 0.0, 0.0, 0.9980480950335009, 0.0, 0.0, 0.0, 0.9980480950335009], [1.0069756700139283, 0.0, 0.0, 0.0, 0.9978977903573091, 0.0, 0.0, 0.0, 0.9978977903573091], [1.0074720839804943, 0.0, 0.0, 0.0, 0.9977474630386188, 0.0, 0.0, 0.0, 0.9977474630386188], [1.0079682534683323, 0.0, 0.0, 0.0, 0.997597113067194, 0.0, 0.0, 0.0, 0.997597113067194], [1.0084641788382966, 0.0, 0.0, 0.0, 0.9974467404327912, 0.0, 0.0, 0.0, 0.9974467404327912], [1.0089598604503551, 0.0, 0.0, 0.0, 0.9972963451251589, 0.0, 0.0, 0.0, 0.9972963451251589], [1.0094552986635912, 0.0, 0.0, 0.0, 0.9971459271340378, 0.0, 0.0, 0.0, 0.9971459271340378], [1.0099504938362078, 0.0, 0.0, 0.0, 0.9969954864491614, 0.0, 0.0, 0.0, 0.9969954864491614]]}