{
  "steps": [
    {
      "step": 0,
      "strain": [0.00000000000000000e+00, 0.00000000000000000e+00, 0.00000000000000000e+00, 0.00000000000000000e+00, 0.00000000000000000e+00, 0.00000000000000000e+00, 0.00000000000000000e+00, 0.00000000000000000e+00, 0.00000000000000000e+00],
      "stress": [0.00000000000000000e+00, 0.00000000000000000e+00, 0.00000000000000000e+00, 0.00000000000000000e+00, 0.00000000000000000e+00, 0.00000000000000000e+00, 0.00000000000000000e+00, 0.00000000000000000e+00, 0.00000000000000000e+00],
      "von_mises": 0.00000000000000000e+00,
      "eqp": 0.00000000000000000e+00,
      "damage": 0.00000000000000000e+00
    },
    {
      "step": 1,
      "strain": [4.99999999999944933e-04, 0.00000000000000000e+00, 0.00000000000000000e+00, 0.00000000000000000e+00, -1.49999999999983480e-04, 0.00000000000000000e+00, 0.00000000000000000e+00, 0.00000000000000000e+00, -1.49999999999983480e-04],
      "stress": [1.00049987506235078e+08, 0.00000000000000000e+00, 0.00000000000000000e+00, 0.00000000000000000e+00, 0.00000000000000000e+00, 0.00000000000000000e+00, 0.00000000000000000e+00, 0.00000000000000000e+00, 0.00000000000000000e+00],
      "von_mises": 9.99999999999889731e+07,
      "eqp": 0.00000000000000000e+00,
      "damage": 0.00000000000000000e+00
    },
    {
      "step": 2,
      "strain": [1.00000000000000089e-03, 0.00000000000000000e+00, 0.00000000000000000e+00, 0.00000000000000000e+00, -3.00000000000022471e-04, 0.00000000000000000e+00, 0.00000000000000000e+00, 0.00000000000000000e+00, -3.00000000000022471e-04],
      "stress": [2.00199900099870235e+08, 0.00000000000000000e+00, 0.00000000000000000e+00, 0.00000000000000000e+00, -8.53580347012373178e-06, 0.00000000000000000e+00, 0.00000000000000000e+00, 0.00000000000000000e+00, -8.53580347012373178e-06],
      "von_mises": 2.00000000000003606e+08,
      "eqp": 0.00000000000000000e+00,
      "damage": 0.00000000000000000e+00
    },
    {
      "step": 3,
      "strain": [1.49999999999983480e-03, 0.00000000000000000e+00, 0.00000000000000000e+00, 0.00000000000000000e+00, -4.50000000000061462e-04, 0.00000000000000000e+00, 0.00000000000000000e+00, 0.00000000000000000e+00, -4.50000000000061462e-04],
      "stress": [2.67494629933625460e+08, 0.00000000000000000e+00, 0.00000000000000000e+00, 0.00000000000000000e+00, 1.64454502822341118e+07, 0.00000000000000000e+00, 0.00000000000000000e+00, 0.00000000000000000e+00, 1.64454502822341118e+07],
      "von_mises": 2.50641432798107743e+08,
      "eqp": 2.13887124541463873e-04,
      "damage": 3.55305753431123250e-05
    },
    {
      "step": 4,
      "strain": [1.99999999999989075e-03, 0.00000000000000000e+00, 0.00000000000000000e+00, 0.00000000000000000e+00, -5.99999999999989431e-04, 0.00000000000000000e+00, 0.00000000000000000e+00, 0.00000000000000000e+00, -5.99999999999989431e-04],
      "stress": [3.01873171384980917e+08, 0.00000000000000000e+00, 0.00000000000000000e+00, 0.00000000000000000e+00, 4.93276554955974519e+07, 0.00000000000000000e+00, 0.00000000000000000e+00, 0.00000000000000000e+00, 4.93276554955974519e+07],
      "von_mises": 2.51913951512337506e+08,
      "eqp": 6.41652223315122947e-04,
      "damage": 1.17175327919549765e-04
    },
    {
      "step": 5,
      "strain": [2.49999999999994671e-03, 0.00000000000000000e+00, 0.00000000000000000e+00, 0.00000000000000000e+00, -7.49999999999972911e-04, 0.00000000000000000e+00, 0.00000000000000000e+00, 0.00000000000000000e+00, -7.49999999999972911e-04],
      "stress": [3.36266534442508101e+08, 0.00000000000000000e+00, 0.00000000000000000e+00, 0.00000000000000000e+00, 8.21944871008124799e+07, 0.00000000000000000e+00, 0.00000000000000000e+00, 0.00000000000000000e+00, 8.21944871008124799e+07],
      "von_mises": 2.53172805122420728e+08,
      "eqp": 1.06939061956951172e-03,
      "damage": 2.12256761493279100e-04
    },
    {
      "step": 6,
      "strain": [3.00000000000000266e-03, 0.00000000000000000e+00, 0.00000000000000000e+00, 0.00000000000000000e+00, -8.99999999999956390e-04, 0.00000000000000000e+00, 0.00000000000000000e+00, 0.00000000000000000e+00, -8.99999999999956390e-04],
      "stress": [3.70682031359177411e+08, 0.00000000000000000e+00, 0.00000000000000000e+00, 0.00000000000000000e+00, 1.15045160046591923e+08, 0.00000000000000000e+00, 0.00000000000000000e+00, 0.00000000000000000e+00, 1.15045160046591923e+08],
      "von_mises": 2.54426123901637256e+08,
      "eqp": 1.49709660256128088e-03,
      "damage": 3.23630506367966753e-04
    },
    {
      "step": 7,
      "strain": [3.49999999999983658e-03, 0.00000000000000000e+00, 0.00000000000000000e+00, 0.00000000000000000e+00, -1.04999999999993987e-03, 0.00000000000000000e+00, 0.00000000000000000e+00, 0.00000000000000000e+00, -1.04999999999993987e-03],
      "stress": [4.05117071140864432e+08, 0.00000000000000000e+00, 0.00000000000000000e+00, 0.00000000000000000e+00, 1.47877931383487046e+08, 0.00000000000000000e+00, 0.00000000000000000e+00, 0.00000000000000000e+00, 1.47877931383487046e+08],
      "von_mises": 2.55673114065547049e+08,
      "eqp": 1.92476325487177615e-03,
      "damage": 4.54152627689552446e-04
    },
    {
      "step": 8,
      "strain": [3.99999999999989253e-03, 0.00000000000000000e+00, 0.00000000000000000e+00, 0.00000000000000000e+00, -1.20000000000003437e-03, 0.00000000000000000e+00, 0.00000000000000000e+00, 0.00000000000000000e+00, -1.20000000000003437e-03],
      "stress": [4.39568663357205987e+08, 0.00000000000000000e+00, 0.00000000000000000e+00, 0.00000000000000000e+00, 1.80690684798261553e+08, 0.00000000000000000e+00, 0.00000000000000000e+00, 0.00000000000000000e+00, 1.80690684798261553e+08],
      "von_mises": 2.56912963815384507e+08,
      "eqp": 2.35238245201472738e-03,
      "damage": 6.06679677671251305e-04
    },
    {
      "step": 9,
      "strain": [4.49999999999983746e-03, 0.00000000000000000e+00, 0.00000000000000000e+00, 0.00000000000000000e+00, -1.35000000000001785e-03, 0.00000000000000000e+00, 0.00000000000000000e+00, 0.00000000000000000e+00, -1.35000000000001785e-03],
      "stress": [4.74033417125479460e+08, 0.00000000000000000e+00, 0.00000000000000000e+00, 0.00000000000000000e+00, 2.13480930785566986e+08, 0.00000000000000000e+00, 0.00000000000000000e+00, 0.00000000000000000e+00, 2.13480930785566986e+08],
      "von_mises": 2.58144843404477447e+08,
      "eqp": 2.77994486201700933e-03,
      "damage": 7.84068748946986638e-04
    },
    {
      "step": 10,
      "strain": [4.99999999999989342e-03, 0.00000000000000000e+00, 0.00000000000000000e+00, 0.00000000000000000e+00, -1.50000000000000133e-03, 0.00000000000000000e+00, 0.00000000000000000e+00, 0.00000000000000000e+00, -1.50000000000000133e-03],
      "stress": [5.08507540085630834e+08, 0.00000000000000000e+00, 0.00000000000000000e+00, 0.00000000000000000e+00, 2.46245806808820307e+08, 0.00000000000000000e+00, 0.00000000000000000e+00, 0.00000000000000000e+00, 2.46245806808820307e+08],
      "von_mises": 2.59367905205600351e+08,
      "eqp": 3.20743994497557725e-03,
      "damage": 9.89177529086338048e-04
    },
    {
      "step": 11,
      "strain": [5.49999999999994937e-03, 0.00000000000000000e+00, 0.00000000000000000e+00, 0.00000000000000000e+00, -1.64999999999998481e-03, 0.00000000000000000e+00, 0.00000000000000000e+00, 0.00000000000000000e+00, -1.64999999999998481e-03],
      "stress": [5.42986837366244793e+08, 0.00000000000000000e+00, 0.00000000000000000e+00, 0.00000000000000000e+00, 2.78982077449829280e+08, 0.00000000000000000e+00, 0.00000000000000000e+00, 0.00000000000000000e+00, 2.78982077449829280e+08],
      "von_mises": 2.60581283779565364e+08,
      "eqp": 3.63485595258451928e-03,
      "damage": 1.22486435630386747e-03
    },
    {
      "step": 12,
      "strain": [6.00000000000011635e-03, 0.00000000000000000e+00, 0.00000000000000000e+00, 0.00000000000000000e+00, -1.79999999999996829e-03, 0.00000000000000000e+00, 0.00000000000000000e+00, 0.00000000000000000e+00, -1.79999999999996829e-03],